Subreddit,Average Trait Score,Comments count,Rank
stocks,0.5574397041,110,Top
investing,0.5500702892412699,315,Top
boardgames,0.5409081071926606,109,Top
Futurology,0.5375226900451977,177,Top
soccer,0.5350457125934959,246,Top
toronto,0.5299964566517857,112,Top
BuyItForLife,0.5288570635714286,112,Top
datascience,0.5275476877809524,210,Top
running,0.5249057826468254,252,Top
engineering,0.5159201406656717,335,Top
puppy101,0.4676229773235294,136,Bottom
CasualConversation,0.4495232980067568,148,Bottom
namenerds,0.4465848302549019,102,Bottom
simpleliving,0.4281455817807018,228,Bottom
philosophy,0.42708717462992124,127,Bottom
bipolar,0.42590037860360364,111,Bottom
writing,0.4007431187477064,218,Bottom
books,0.3986557486451613,124,Bottom
Journaling,0.3307764347641509,106,Bottom
Meditation,0.32825718053020136,149,Bottom
