Subreddit,Average Trait Score,Comments count,Rank
datascience,0.3587051524952381,210,Top
engineering,0.35342108222985075,335,Top
Journaling,0.3522040980566038,106,Top
Meditation,0.35152553273825504,149,Top
homeschool,0.34332980692753623,207,Top
writing,0.3367861671146789,218,Top
books,0.3331942808467742,124,Top
martialarts,0.3327140431372549,102,Top
simpleliving,0.33020864418421053,228,Top
philosophy,0.32995582266929135,127,Top
beyondthebump,0.30022641047517734,141,Bottom
boardgames,0.2998468398165138,109,Bottom
bipolar,0.29874105797297296,111,Bottom
TryingForABaby,0.29844768821341466,164,Bottom
stepparents,0.2981532718250951,263,Bottom
stocks,0.29284093843636366,110,Bottom
soccer,0.28930259511788614,246,Bottom
Anticonsumption,0.2871116426449704,169,Bottom
Frugal,0.2831190152377623,286,Bottom
NewParents,0.2802139445878378,148,Bottom
