Subreddit,Average Trait Score,Comments count,Rank
Journaling,0.3893970289245283,106,Top
Meditation,0.3809226984496644,149,Top
books,0.35267530032258065,124,Top
simpleliving,0.35036941458333337,228,Top
Physics,0.3413648248947368,114,Top
running,0.33777537467857144,252,Top
homeschool,0.33679705498067636,207,Top
femalefashionadvice,0.3303118342486631,374,Top
puppy101,0.3249860748088236,136,Top
CasualConversation,0.3237672224256757,148,Top
martialarts,0.29727566531372546,102,Bottom
Frugal,0.2939303147727273,286,Bottom
Futurology,0.2937955403389831,177,Bottom
investing,0.29014193817460315,315,Bottom
philosophy,0.29005032170078743,127,Bottom
history,0.2862255262977099,131,Bottom
stepparents,0.2603344280988593,263,Bottom
NewParents,0.2576525436756757,148,Bottom
soccer,0.2573080527601626,246,Bottom
stocks,0.23721931249090908,110,Bottom
