Subreddit,Average Trait Score,Comments count,Rank
Physics,0.4607970654649123,114,Top
Journaling,0.45619978255660376,106,Top
books,0.45447176166129033,124,Top
toronto,0.4499788867142857,112,Top
history,0.4462910615419847,131,Top
engineering,0.44461588179701494,335,Top
boardgames,0.4429529253853211,109,Top
writing,0.4415301381009174,218,Top
puppy101,0.4411610871470588,136,Top
beyondthebump,0.4407946106382979,141,Top
BuyItForLife,0.4022666664910714,112,Bottom
stepparents,0.399151583851711,263,Bottom
soccer,0.39888321011382116,246,Bottom
simpleliving,0.39671767529824564,228,Bottom
namenerds,0.39667001652941175,102,Bottom
Anticonsumption,0.3916650505147929,169,Bottom
martialarts,0.38968978555882355,102,Bottom
investing,0.3874855204412698,315,Bottom
Frugal,0.3849716792167832,286,Bottom
stocks,0.38269630506363633,110,Bottom
