Subreddit,Average Trait Score,Comments count,Rank
bipolar,0.6096805017387387,111,Top
NewParents,0.5842391651081081,148,Top
stepparents,0.5711870525171102,263,Top
soccer,0.5668492041422764,246,Top
TryingForABaby,0.5664223786463415,164,Top
anime,0.5452573173727273,110,Top
philosophy,0.5443025768582678,127,Top
Meditation,0.5332448096577181,149,Top
beyondthebump,0.5305019824539007,141,Top
stocks,0.5275256179636364,110,Top
books,0.4913549600967742,124,Bottom
martialarts,0.4910219176470588,102,Bottom
running,0.48569334251984125,252,Bottom
BuyItForLife,0.477782453875,112,Bottom
investing,0.47721550068571433,315,Bottom
Anticonsumption,0.4760115012603551,169,Bottom
datascience,0.47238246996190475,210,Bottom
homeschool,0.4707468911304348,207,Bottom
Frugal,0.4697151366433566,286,Bottom
simpleliving,0.46627539815350877,228,Bottom
