Subreddit,Average Trait Score,Comments count,Rank
Poetry,0.36081307677027025,74,Top
datascience,0.3587051524952381,210,Top
Teachers,0.3568827414166667,84,Top
science,0.35683851066666666,51,Top
MachineLearning,0.35431637570833335,72,Top
engineering,0.35342108222985075,335,Top
Journaling,0.3522040980566038,106,Top
Meditation,0.35152553273825504,149,Top
cybersecurity,0.3486934720379747,79,Top
androiddev,0.34767158600000003,51,Top
ADHD,0.28387883397777774,90,Bottom
Frugal,0.2831190152377623,286,Bottom
nyc,0.2829621515543478,92,Bottom
NewParents,0.2802139445878378,148,Bottom
berlin,0.27991016512048195,83,Bottom
london,0.27928755099999997,51,Bottom
boston,0.278978513734375,64,Bottom
LosAngeles,0.278846067825,80,Bottom
OutOfTheLoop,0.2764173161354167,96,Bottom
technology,0.27447292036923077,65,Bottom
