Subreddit,Average Trait Score,Comments count,Rank
Journaling,0.3893970289245283,106,Top
Meditation,0.3809226984496644,149,Top
hiking,0.3669658599298246,57,Top
Poetry,0.36405169037837837,74,Top
recipes,0.35724098115384617,52,Top
books,0.35267530032258065,124,Top
Cooking,0.3504161268260869,69,Top
simpleliving,0.35036941458333337,228,Top
Rabbits,0.3468964561839081,87,Top
camping,0.34456704092647056,68,Top
pharmacy,0.2667413406101695,59,Bottom
stepparents,0.2603344280988593,263,Bottom
RealEstate,0.2577050927413793,58,Bottom
NewParents,0.2576525436756757,148,Bottom
soccer,0.2573080527601626,246,Bottom
hacking,0.2562811633625,80,Bottom
technology,0.2559721642153846,65,Bottom
politics,0.24850429514492753,69,Bottom
OutOfTheLoop,0.24129434601041666,96,Bottom
stocks,0.23721931249090908,110,Bottom
