Subreddit,Average Trait Score,Comments count,Rank
OCD,0.647264828968254,63,Top
ptsd,0.6320593793636363,77,Top
bipolar,0.6096805017387387,111,Top
NewParents,0.5842391651081081,148,Top
ADHD,0.5774160985333333,90,Top
stepparents,0.5711870525171102,263,Top
autism,0.5668698659344262,61,Top
soccer,0.5668492041422764,246,Top
TryingForABaby,0.5664223786463415,164,Top
politics,0.5628338715362319,69,Top
androiddev,0.4696873863137255,51,Bottom
javascript,0.46846583729896907,97,Bottom
Python,0.46769585291111115,90,Bottom
simpleliving,0.46627539815350877,228,Bottom
backpacking,0.4480602717466667,75,Bottom
travel,0.44791792101515154,66,Bottom
ZeroWaste,0.4463017215444444,90,Bottom
camping,0.44494151347058825,68,Bottom
recipes,0.43478342721153845,52,Bottom
Cooking,0.427221238826087,69,Bottom
