Subreddit,Average Trait Score,Comments count,Rank
Rabbits,0.4981396348275862,87,Top
recipes,0.4753268121346154,52,Top
ferrets,0.4740869971525423,59,Top
space,0.46656450180681824,88,Top
Fantasy,0.4663662175098039,51,Top
biology,0.4626798590428571,70,Top
photography,0.4625435344555555,90,Top
Physics,0.4607970654649123,114,Top
sewing,0.46017103400000003,73,Top
androiddev,0.4572525602352941,51,Top
autism,0.3966947263114754,61,Bottom
namenerds,0.39667001652941175,102,Bottom
tennis,0.3941269838,55,Bottom
technology,0.39235350504615385,65,Bottom
Anticonsumption,0.3916650505147929,169,Bottom
martialarts,0.38968978555882355,102,Bottom
investing,0.3874855204412698,315,Bottom
Frugal,0.3849716792167832,286,Bottom
OCD,0.38454495263492067,63,Bottom
stocks,0.38269630506363633,110,Bottom
