Subreddit,Average Trait Score,Comments count,Rank
OutOfTheLoop,0.5617715880208333,96,Top
stocks,0.5574397041,110,Top
webdev,0.5567183018305085,59,Top
travel,0.5504402324848484,66,Top
investing,0.5500702892412699,315,Top
CryptoCurrency,0.546771514367647,68,Top
sanfrancisco,0.5425255566785714,56,Top
boardgames,0.5409081071926606,109,Top
MachineLearning,0.5400167384444444,72,Top
Futurology,0.5375226900451977,177,Top
simpleliving,0.4281455817807018,228,Bottom
philosophy,0.42708717462992124,127,Bottom
bipolar,0.42590037860360364,111,Bottom
writing,0.4007431187477064,218,Bottom
ptsd,0.3995252171168831,77,Bottom
books,0.3986557486451613,124,Bottom
OCD,0.3799670113809524,63,Bottom
Poetry,0.37363598948648646,74,Bottom
Journaling,0.3307764347641509,106,Bottom
Meditation,0.32825718053020136,149,Bottom
