Subreddit,Average Gender Score,Comments count,Rank
Rabbits,0.8045423817479407,607,Top
crafts,0.7567305344749999,200,Top
houseplants,0.7554649843423423,444,Top
landscaping,0.7449878184663677,223,Top
DIY,0.7343577596627907,86,Top
Poetry,0.7305100858834952,309,Top
sewing,0.7175710097197875,753,Top
beyondthebump,0.7141402190871492,1354,Top
namenerds,0.7033324456902357,891,Top
ThriftStoreHauls,0.7015911741298078,416,Top
nba,0.35707943875,72,Bottom
philosophy,0.34279242645714286,595,Bottom
movies,0.32889258260431653,417,Bottom
stocks,0.3273336596998939,943,Bottom
hockey,0.3245967700989474,475,Bottom
sports,0.31462702837142853,70,Bottom
ethereum,0.22735647272289156,332,Bottom
nfl,0.22503789710526315,76,Bottom
science,0.1981380305770171,409,Bottom
tennis,0.12938621100442477,226,Bottom
