Subreddit,Average Gender Score,Comments count,Rank
knitting,0.7752024360384616,52,Top
namenerds,0.770696505118421,76,Top
anime,0.7452461942258065,62,Top
sewing,0.7384382118833333,60,Top
writing,0.7188590864732824,131,Top
femalefashionadvice,0.711325964607527,186,Top
toddlers,0.7090381755217391,69,Top
beyondthebump,0.7066931312197803,91,Top
Parenting,0.7012860866846153,130,Top
Journaling,0.699237122974026,77,Top
toronto,0.48654604189999995,60,Bottom
ADHD,0.4801891717368421,57,Bottom
Physics,0.4741224722553191,94,Bottom
datascience,0.45851338814285714,119,Bottom
CryptoCurrency,0.45260023388679244,53,Bottom
OutOfTheLoop,0.42993760737142855,70,Bottom
Futurology,0.4117215476415094,106,Bottom
stocks,0.38552880373913045,69,Bottom
space,0.358291400122807,57,Bottom
history,0.26030441540983607,61,Bottom
