Subreddit,Average Gender Score,Comments count,Rank
recipes,0.8723127154057017,456,Top
InteriorDesign,0.8646987619032258,62,Top
houseplants,0.8540554898897058,272,Top
DIY,0.8538365718108109,111,Top
crafts,0.8401420249259259,108,Top
Cooking,0.8360746634458204,323,Top
Aquariums,0.8274237404045802,131,Top
cats,0.8253207184683544,79,Top
knitting,0.8152382137225042,591,Top
beyondthebump,0.781126288466238,622,Top
Music,0.40949159183544304,79,Bottom
neuroscience,0.39147392436842104,114,Bottom
soccer,0.38094338379052584,2301,Bottom
datascience,0.3654313544194373,391,Bottom
stocks,0.34799942761528496,772,Bottom
history,0.31220396881159423,138,Bottom
tennis,0.2967271873026316,228,Bottom
hockey,0.22640912881609196,348,Bottom
ethereum,0.20665725028651685,178,Bottom
nfl,0.0024901149411764704,85,Bottom
