Subreddit,Average Gender Score,Comments count,Rank
recipes,0.8900142184130435,414,Top
nfl,0.8704665273608246,97,Top
cats,0.8565059131780822,73,Top
houseplants,0.8553218607439024,410,Top
namenerds,0.8349746122536825,611,Top
beyondthebump,0.8338365780601625,615,Top
Astronomy,0.823730968688889,90,Top
DIY,0.8197340748181818,88,Top
Aquariums,0.8090944569382716,81,Top
InteriorDesign,0.804809317,64,Top
statistics,0.4323689313934426,305,Bottom
Futurology,0.42969003679129464,896,Bottom
datascience,0.42688167623734175,316,Bottom
stocks,0.39190120025083613,598,Bottom
london,0.3873492629254144,362,Bottom
philosophy,0.38520979480232553,516,Bottom
androiddev,0.34170935284848486,66,Bottom
hockey,0.32776573652419355,372,Bottom
politics,0.3054994162654321,324,Bottom
tennis,0.10592836745848376,277,Bottom
