Subreddit,Average Gender Score,Comments count,Rank
namenerds,0.78402644146875,96,Top
toddlers,0.7244525908933332,75,Top
Journaling,0.71453477261,100,Top
femalefashionadvice,0.7141895611419355,310,Top
anime,0.7030509317142858,91,Top
homeautomation,0.6992213,55,Top
Parenting,0.6979606646306817,176,Top
knitting,0.6960545072763158,76,Top
sewing,0.6932087321176471,68,Top
beyondthebump,0.6886947305420561,107,Top
stocks,0.4051980786451613,93,Bottom
LosAngeles,0.39679755656164384,73,Bottom
science,0.395155985559322,59,Bottom
CryptoCurrency,0.3938491576440678,59,Bottom
OutOfTheLoop,0.3745026561204819,83,Bottom
politics,0.372069696,75,Bottom
space,0.3454669330875,80,Bottom
Futurology,0.3393387004411765,136,Bottom
tennis,0.3331863742542373,59,Bottom
engineering,0.2926709123791946,298,Bottom
