Subreddit,Average Gender Score,Comments count,Rank
houseplants,0.8061264761428572,434,Top
crafts,0.7966181254021739,92,Top
Rabbits,0.7736409006388444,623,Top
namenerds,0.7632514704063527,913,Top
sewing,0.7572780544891146,689,Top
Calligraphy,0.7420043642897527,283,Top
cats,0.7294182653385417,192,Top
knitting,0.7261970327916667,888,Top
personalfinance,0.7215302460891089,101,Top
Cooking,0.7213924574175182,685,Top
stocks,0.3634719611581975,1043,Bottom
ferrets,0.35230472639033455,538,Bottom
hockey,0.34981204106495467,662,Bottom
askscience,0.3313333125454545,66,Bottom
neuroscience,0.326939558620915,153,Bottom
nba,0.29901172345454546,99,Bottom
statistics,0.2968753555605749,487,Bottom
tennis,0.23441830518382353,272,Bottom
melbourne,0.22964172030000002,110,Bottom
ethereum,0.22667373287012985,308,Bottom
