Subreddit,Average Gender Score,Comments count,Rank
namenerds,0.8088837528181818,66,Top
anime,0.7835064038947368,57,Top
knitting,0.775721625037037,54,Top
femalefashionadvice,0.7557609871200001,175,Top
Journaling,0.7501776472133334,75,Top
toddlers,0.7261151860757575,66,Top
sewing,0.7220581008360656,61,Top
beyondthebump,0.7127203089069768,86,Top
puppy101,0.6906665531621622,74,Top
Anticonsumption,0.6871214301279069,86,Top
homeschool,0.4811974129166667,108,Bottom
philosophy,0.47432202102941173,102,Bottom
statistics,0.4662075484259259,54,Bottom
Physics,0.44912615191666666,96,Bottom
Futurology,0.4363125540782609,115,Bottom
CryptoCurrency,0.4347979306545454,55,Bottom
space,0.41698936728070174,57,Bottom
OutOfTheLoop,0.41336441517460315,63,Bottom
stocks,0.38429362639705883,68,Bottom
history,0.27832748170175436,57,Bottom
