Subreddit,Average Gender Score,Comments count,Rank
namenerds,0.7943399928131868,91,Top
anime,0.7306456887631579,76,Top
toddlers,0.715057890761194,67,Top
beyondthebump,0.6994380418155339,103,Top
femalefashionadvice,0.6958718969295774,284,Top
Journaling,0.6909074040235293,85,Top
NewParents,0.6800381560451613,155,Top
Parenting,0.6730458994578313,166,Top
knitting,0.6694860115737705,61,Top
BabyBumps,0.6505060806279069,86,Top
stocks,0.4296226076153846,91,Bottom
philosophy,0.4275541805135135,111,Bottom
Fantasy,0.4071004067777778,54,Bottom
OutOfTheLoop,0.3898940969493671,79,Bottom
Physics,0.38935772459047624,105,Bottom
politics,0.3856860672622951,61,Bottom
space,0.35816775346478874,71,Bottom
Futurology,0.3534240191472868,129,Bottom
engineering,0.3402898366988848,269,Bottom
tennis,0.2796285001509434,53,Bottom
