Subreddit,Average Gender Score,Comments count,Rank
namenerds,0.798836591212373,76,Top
Rabbits,0.7776533292050947,57,Top
Journaling,0.7752165713093497,88,Top
anime,0.7678077398956596,77,Top
sewing,0.7564940894803693,62,Top
toddlers,0.7561136057127767,67,Top
femalefashionadvice,0.7538224579206582,183,Top
knitting,0.7432655273005366,64,Top
puppy101,0.7332812037812658,83,Top
CasualConversation,0.7327357370119828,104,Top
cybersecurity,0.4991802033036947,64,Bottom
technology,0.49895221338822293,52,Bottom
Futurology,0.4891366658171987,123,Bottom
OutOfTheLoop,0.4807771781216497,92,Bottom
statistics,0.46561883441333113,58,Bottom
history,0.4354973045133409,84,Bottom
politics,0.433373162620946,57,Bottom
stocks,0.4326362991600894,89,Bottom
space,0.3838615729365238,86,Bottom
tennis,0.34781687140464773,50,Bottom
