Subreddit,Average Gender Score,Comments count,Rank
namenerds,0.7680509423823529,102,Top
sewing,0.7545656070515464,97,Top
anime,0.7507758818733333,150,Top
toddlers,0.7457467528189655,116,Top
puppy101,0.7441539827317074,123,Top
knitting,0.7416935424951456,103,Top
Cooking,0.7368705198522728,88,Top
Journaling,0.736533032882353,153,Top
femalefashionadvice,0.7342072299916201,358,Top
recipes,0.7259345428305084,59,Top
Futurology,0.45529747487916666,240,Bottom
berlin,0.455089488127907,86,Bottom
stocks,0.4513133476529412,170,Bottom
history,0.45107789870329673,182,Bottom
ethereum,0.43734849025,68,Bottom
wallstreetbets,0.41313678738235293,68,Bottom
politics,0.402417800814433,97,Bottom
space,0.3889727472580645,124,Bottom
androiddev,0.38343929291304346,69,Bottom
tennis,0.2888451791489362,94,Bottom
