Subreddit,Average Gender Score,Comments count,Rank
namenerds,0.7907011367941177,102,Top
anime,0.7505691755909091,110,Top
toddlers,0.75051748815625,96,Top
beyondthebump,0.7476875444113474,141,Top
Parenting,0.7466858782036199,221,Top
Journaling,0.7408670411886793,106,Top
femalefashionadvice,0.7179022501818182,374,Top
knitting,0.7143059300121951,82,Top
sewing,0.7042421421643835,73,Top
puppy101,0.6938350586102942,136,Top
BuyItForLife,0.47998573425,112,Bottom
androiddev,0.47358523052941176,51,Bottom
gainit,0.4699303739444444,72,Bottom
Fantasy,0.455566262627451,51,Bottom
OutOfTheLoop,0.45170782908333335,96,Bottom
movies,0.4484508144363636,55,Bottom
tennis,0.4329871989818182,55,Bottom
space,0.40991375759090914,88,Bottom
politics,0.3965586443188406,69,Bottom
soccer,0.3656521251382114,246,Bottom
