Subreddit,Average Gender Score,Comments count,Rank
beyondthebump,0.6994380418155339,103,Top
femalefashionadvice,0.6958718969295774,284,Top
NewParents,0.6800381560451613,155,Top
Parenting,0.6730458994578313,166,Top
Anticonsumption,0.6410117592713178,129,Top
TryingForABaby,0.6360369065660377,106,Top
simpleliving,0.6177701585086705,173,Top
Frugal,0.5939308950619469,226,Top
writing,0.5933144936242039,157,Top
CasualConversation,0.5905168263076923,130,Top
homeschool,0.5629158192214765,149,Bottom
stepparents,0.5555134148842106,190,Bottom
investing,0.5167437237833333,240,Bottom
books,0.4594241206016949,118,Bottom
datascience,0.43378238399999997,154,Bottom
soccer,0.4322565045066667,150,Bottom
philosophy,0.4275541805135135,111,Bottom
Physics,0.38935772459047624,105,Bottom
Futurology,0.3534240191472868,129,Bottom
engineering,0.3402898366988848,269,Bottom
