Subreddit,Average Gender Score,Comments count,Rank
recipes,0.8900142184130435,414,Top
houseplants,0.8553218607439024,410,Top
namenerds,0.8349746122536825,611,Top
beyondthebump,0.8338365780601625,615,Top
Cooking,0.7965392271163366,404,Top
anime,0.7824795967667767,909,Top
dogs,0.7797198778869565,345,Top
puppy101,0.7761016283872386,909,Top
boardgames,0.7636457128877552,490,Top
Rabbits,0.7625372484059405,202,Top
nursing,0.44111354713043477,184,Bottom
statistics,0.4323689313934426,305,Bottom
Futurology,0.42969003679129464,896,Bottom
datascience,0.42688167623734175,316,Bottom
stocks,0.39190120025083613,598,Bottom
london,0.3873492629254144,362,Bottom
philosophy,0.38520979480232553,516,Bottom
hockey,0.32776573652419355,372,Bottom
politics,0.3054994162654321,324,Bottom
tennis,0.10592836745848376,277,Bottom
