Subreddit,Average Gender Score,Comments count,Rank
femalefashionadvice,0.7538224579206582,183,Top
CasualConversation,0.7327357370119828,104,Top
Parenting,0.7205011966197115,152,Top
Meditation,0.6946858964046511,119,Top
beyondthebump,0.6884924017380332,107,Top
Anticonsumption,0.6884592794632727,129,Top
writing,0.6791128569347843,157,Top
simpleliving,0.6697234391276516,134,Top
running,0.6534200863043467,150,Top
Frugal,0.6477224785315839,158,Top
investing,0.6088318181760384,165,Bottom
homeschool,0.6077374253815752,123,Bottom
stepparents,0.5982927435153239,185,Bottom
soccer,0.5799638067634361,103,Bottom
engineering,0.5739078478813171,250,Bottom
books,0.5465986994760377,112,Bottom
philosophy,0.5140008954331279,128,Bottom
Physics,0.503568023443222,120,Bottom
datascience,0.5003476417064667,150,Bottom
Futurology,0.4891366658171987,123,Bottom
