Subreddit,Average Gender Score,Comments count,Rank
writing,0.7188590864732824,131,Top
femalefashionadvice,0.711325964607527,186,Top
Parenting,0.7012860866846153,130,Top
TryingForABaby,0.6715337958058252,103,Top
Meditation,0.6707007119082569,109,Top
running,0.6605745207272727,110,Top
simpleliving,0.629865497072,125,Top
Frugal,0.6147912352074074,135,Top
soccer,0.6106330902912621,103,Top
engineering,0.5829498918050314,159,Top
Frugal,0.6147912352074074,135,Bottom
soccer,0.6106330902912621,103,Bottom
engineering,0.5829498918050314,159,Bottom
stepparents,0.58158965,154,Bottom
homeschool,0.5345949423679245,106,Bottom
investing,0.51754176384375,128,Bottom
philosophy,0.5143290444999999,120,Bottom
books,0.49838467821495325,107,Bottom
datascience,0.45851338814285714,119,Bottom
Futurology,0.4117215476415094,106,Bottom
