Subreddit,Average Gender Score,Comments count,Rank
femalefashionadvice,0.7557609871200001,175,Top
Parenting,0.682728560511811,127,Top
writing,0.6790401398195489,133,Top
running,0.673285182952381,126,Top
TryingForABaby,0.6447710061960784,102,Top
Meditation,0.635898027018868,106,Top
simpleliving,0.6325079909646018,113,Top
Frugal,0.6322235805882352,119,Top
stepparents,0.5799352861851852,162,Top
engineering,0.5775246484135802,162,Top
Meditation,0.635898027018868,106,Bottom
simpleliving,0.6325079909646018,113,Bottom
Frugal,0.6322235805882352,119,Bottom
stepparents,0.5799352861851852,162,Bottom
engineering,0.5775246484135802,162,Bottom
investing,0.5240745679333333,120,Bottom
datascience,0.5115345442123894,113,Bottom
homeschool,0.4811974129166667,108,Bottom
philosophy,0.47432202102941173,102,Bottom
Futurology,0.4363125540782609,115,Bottom
