Subreddit,Average Gender Score,Comments count,Rank
namenerds,0.7907011367941177,102,Top
anime,0.7505691755909091,110,Top
beyondthebump,0.7476875444113474,141,Top
Parenting,0.7466858782036199,221,Top
Journaling,0.7408670411886793,106,Top
femalefashionadvice,0.7179022501818182,374,Top
puppy101,0.6938350586102942,136,Top
NewParents,0.6831157308040541,148,Top
TryingForABaby,0.6774674969756097,164,Top
Frugal,0.657147134527972,286,Top
stocks,0.5221967491636363,110,Bottom
engineering,0.5212323574865672,335,Bottom
datascience,0.519840370647619,210,Bottom
Physics,0.5101230904736842,114,Bottom
history,0.5065321049160306,131,Bottom
toronto,0.49939708212499995,112,Bottom
philosophy,0.49706865607086614,127,Bottom
Futurology,0.4822887255423729,177,Bottom
BuyItForLife,0.47998573425,112,Bottom
soccer,0.3656521251382114,246,Bottom
