Subreddit,Average Gender Score,Comments count,Rank
recipes,0.9006856774818182,220,Top
houseplants,0.829674719368421,209,Top
dogs,0.8269891464244032,377,Top
puppy101,0.8225057596776316,760,Top
femalefashionadvice,0.7878248723020208,1831,Top
beyondthebump,0.7763258614981993,833,Top
Journaling,0.7538459599517014,911,Top
sewing,0.7490871829396226,265,Top
Cooking,0.7489873476956521,437,Top
Rabbits,0.7482570231662049,361,Top
statistics,0.4431092749735683,227,Bottom
history,0.43434091229729727,222,Bottom
LosAngeles,0.4154467734104478,268,Bottom
iOSProgramming,0.4123264600346321,231,Bottom
soccer,0.3998057960476804,776,Bottom
webdev,0.3807793265357143,392,Bottom
hockey,0.3654213111302326,215,Bottom
ethereum,0.33911599174725277,182,Bottom
space,0.33238842127947593,458,Bottom
tennis,0.1709662610284091,176,Bottom
