Subreddit,Average Gender Score,Comments count,Rank
Journaling,0.71453477261,100,Top
femalefashionadvice,0.7141895611419355,310,Top
Parenting,0.6979606646306817,176,Top
beyondthebump,0.6886947305420561,107,Top
NewParents,0.6860057526241135,141,Top
simpleliving,0.6561477897010309,194,Top
BabyBumps,0.6448455202600001,100,Top
TryingForABaby,0.6291961108823529,119,Top
CasualConversation,0.6254693078120805,149,Top
Anticonsumption,0.620391758304054,148,Top
homeschool,0.5330215014144737,152,Bottom
history,0.5291569471367521,117,Bottom
soccer,0.48393011963451776,197,Bottom
investing,0.4693887405603113,257,Bottom
books,0.45941478570454547,132,Bottom
philosophy,0.4587734386343284,134,Bottom
datascience,0.4158302587882353,170,Bottom
Physics,0.41319092529411766,119,Bottom
Futurology,0.3393387004411765,136,Bottom
engineering,0.2926709123791946,298,Bottom
