Subreddit,Average Gender Score,Comments count,Rank
namenerds,0.7680509423823529,102,Top
anime,0.7507758818733333,150,Top
toddlers,0.7457467528189655,116,Top
puppy101,0.7441539827317074,123,Top
knitting,0.7416935424951456,103,Top
Journaling,0.736533032882353,153,Top
femalefashionadvice,0.7342072299916201,358,Top
Rabbits,0.7139829896666666,117,Top
Parenting,0.707576098009836,305,Top
beyondthebump,0.6889247949354839,186,Top
nyc,0.5247310037711864,118,Bottom
CryptoCurrency,0.5189753658943089,123,Bottom
Physics,0.503992005803653,219,Bottom
philosophy,0.4904521200221239,226,Bottom
datascience,0.482494444007326,273,Bottom
OutOfTheLoop,0.4787197909112426,169,Bottom
Futurology,0.45529747487916666,240,Bottom
stocks,0.4513133476529412,170,Bottom
history,0.45107789870329673,182,Bottom
space,0.3889727472580645,124,Bottom
