Subreddit,Average Gender Score,Comments count,Rank
houseplants,0.9359700563874643,351,Top
Aquariums,0.8689787073522727,176,Top
dogs,0.835286810939785,465,Top
sewing,0.8142428598769841,252,Top
Cooking,0.7814510757848837,344,Top
Calligraphy,0.7689289102228916,166,Top
knitting,0.76479013099183,612,Top
javascript,0.7641436732105263,456,Top
beyondthebump,0.7577086412817955,802,Top
ThriftStoreHauls,0.7570310424180328,122,Top
neuroscience,0.4799935682533334,150,Bottom
OutOfTheLoop,0.4746535190964913,342,Bottom
medicine,0.4720951835333333,150,Bottom
androiddev,0.47100563765697673,172,Bottom
Portland,0.4630444903756906,181,Bottom
ethereum,0.45961857154245284,212,Bottom
hockey,0.3992363248103448,174,Bottom
soccer,0.38494156165296806,438,Bottom
tennis,0.3576523933333333,204,Bottom
history,0.3442957832713568,199,Bottom
